id,email,name,password
1,user1@gmail.com,user1,user1
2,user2@gmail.com,user2,user2
3,user3@gmail.com,user3,user3
4,user4@gmail.com,user4,user4
5,user5@gmail.com,user5,user5
6,user6@gmail.com,user6,user6
7,user7@gmail.com,user7,user7
8,user8@gmail.com,user8,user8
9,user9@gmail.com,user9,user9
10,user10@gmail.com,user10,user10
11,user11@gmail.com,user11,user11
12,user12@gmail.com,user12,user12
13,user13@gmail.com,user13,user13
14,user14@gmail.com,user14,user14
15,user15@gmail.com,user15,user15
16,user16@gmail.com,user16,user16
17,user17@gmail.com,user17,user17
18,user18@gmail.com,user18,user18
19,user19@gmail.com,user19,user19
20,user20@gmail.com,user20,user20
21,user21@gmail.com,user21,user21
22,user22@gmail.com,user22,user22
23,user23@gmail.com,user23,user23
24,user24@gmail.com,user24,user24
25,user25@gmail.com,user25,user25
26,user26@gmail.com,user26,user26
27,user27@gmail.com,user27,user27
28,user28@gmail.com,user28,user28
29,user29@gmail.com,user29,user29
30,user30@gmail.com,user30,user30
31,user31@gmail.com,user31,user31
32,user32@gmail.com,user32,user32
33,user33@gmail.com,user33,user33
34,user34@gmail.com,user34,user34
35,user35@gmail.com,user35,user35
36,user36@gmail.com,user36,user36
37,user37@gmail.com,user37,user37
38,user38@gmail.com,user38,user38
39,user39@gmail.com,user39,user39
40,user40@gmail.com,user40,user40
41,user41@gmail.com,user41,user41
42,user42@gmail.com,user42,user42
43,user43@gmail.com,user43,user43
44,user44@gmail.com,user44,user44
45,user45@gmail.com,user45,user45
46,user46@gmail.com,user46,user46
47,user47@gmail.com,user47,user47
48,user48@gmail.com,user48,user48
49,user49@gmail.com,user49,user49
50,user50@gmail.com,user50,user50
51,user51@gmail.com,user51,user51
52,user52@gmail.com,user52,user52
53,user53@gmail.com,user53,user53
54,user54@gmail.com,user54,user54
55,user55@gmail.com,user55,user55
56,user56@gmail.com,user56,user56
57,user57@gmail.com,user57,user57
58,user58@gmail.com,user58,user58
59,user59@gmail.com,user59,user59
60,user60@gmail.com,user60,user60
61,user61@gmail.com,user61,user61
62,user62@gmail.com,user62,user62
63,user63@gmail.com,user63,user63
64,user64@gmail.com,user64,user64
65,user65@gmail.com,user65,user65
66,user66@gmail.com,user66,user66
67,user67@gmail.com,user67,user67
68,user68@gmail.com,user68,user68
69,user69@gmail.com,user69,user69
70,user70@gmail.com,user70,user70
71,user71@gmail.com,user71,user71
72,user72@gmail.com,user72,user72
73,user73@gmail.com,user73,user73
74,user74@gmail.com,user74,user74
75,user75@gmail.com,user75,user75
76,user76@gmail.com,user76,user76
77,user77@gmail.com,user77,user77
78,user78@gmail.com,user78,user78
79,user79@gmail.com,user79,user79
80,user80@gmail.com,user80,user80
81,user81@gmail.com,user81,user81
82,user82@gmail.com,user82,user82
83,user83@gmail.com,user83,user83
84,user84@gmail.com,user84,user84
85,user85@gmail.com,user85,user85
86,user86@gmail.com,user86,user86
87,user87@gmail.com,user87,user87
88,user88@gmail.com,user88,user88
89,user89@gmail.com,user89,user89
90,user90@gmail.com,user90,user90
91,user91@gmail.com,user91,user91
92,user92@gmail.com,user92,user92
93,user93@gmail.com,user93,user93
94,user94@gmail.com,user94,user94
95,user95@gmail.com,user95,user95
96,user96@gmail.com,user96,user96
97,user97@gmail.com,user97,user97
98,user98@gmail.com,user98,user98
99,user99@gmail.com,user99,user99
100,user100@gmail.com,user100,user100
101,user101@gmail.com,user101,user101
102,user102@gmail.com,user102,user102
103,user103@gmail.com,user103,user103
104,user104@gmail.com,user104,user104
105,user105@gmail.com,user105,user105
106,user106@gmail.com,user106,user106
107,user107@gmail.com,user107,user107
108,user108@gmail.com,user108,user108
109,user109@gmail.com,user109,user109
110,user110@gmail.com,user110,user110
111,user111@gmail.com,user111,user111
112,user112@gmail.com,user112,user112
113,user113@gmail.com,user113,user113
114,user114@gmail.com,user114,user114
115,user115@gmail.com,user115,user115
116,user116@gmail.com,user116,user116
117,user117@gmail.com,user117,user117
118,user118@gmail.com,user118,user118
119,user119@gmail.com,user119,user119
120,user120@gmail.com,user120,user120
121,user121@gmail.com,user121,user121
122,user122@gmail.com,user122,user122
123,user123@gmail.com,user123,user123
124,user124@gmail.com,user124,user124
125,user125@gmail.com,user125,user125
126,user126@gmail.com,user126,user126
127,user127@gmail.com,user127,user127
128,user128@gmail.com,user128,user128
129,user129@gmail.com,user129,user129
130,user130@gmail.com,user130,user130
131,user131@gmail.com,user131,user131
132,user132@gmail.com,user132,user132
133,user133@gmail.com,user133,user133
134,user134@gmail.com,user134,user134
135,user135@gmail.com,user135,user135
136,user136@gmail.com,user136,user136
137,user137@gmail.com,user137,user137
138,user138@gmail.com,user138,user138
139,user139@gmail.com,user139,user139
140,user140@gmail.com,user140,user140
141,user141@gmail.com,user141,user141
142,user142@gmail.com,user142,user142
143,user143@gmail.com,user143,user143
144,user144@gmail.com,user144,user144
145,user145@gmail.com,user145,user145
146,user146@gmail.com,user146,user146
147,user147@gmail.com,user147,user147
148,user148@gmail.com,user148,user148
149,user149@gmail.com,user149,user149
150,user150@gmail.com,user150,user150
151,user151@gmail.com,user151,user151
152,user152@gmail.com,user152,user152
153,user153@gmail.com,user153,user153
154,user154@gmail.com,user154,user154
155,user155@gmail.com,user155,user155
156,user156@gmail.com,user156,user156
157,user157@gmail.com,user157,user157
158,user158@gmail.com,user158,user158
159,user159@gmail.com,user159,user159
160,user160@gmail.com,user160,user160
161,user161@gmail.com,user161,user161
162,user162@gmail.com,user162,user162
163,user163@gmail.com,user163,user163
164,user164@gmail.com,user164,user164
165,user165@gmail.com,user165,user165
166,user166@gmail.com,user166,user166
167,user167@gmail.com,user167,user167
168,user168@gmail.com,user168,user168
169,user169@gmail.com,user169,user169
170,user170@gmail.com,user170,user170
171,user171@gmail.com,user171,user171
172,user172@gmail.com,user172,user172
173,user173@gmail.com,user173,user173
174,user174@gmail.com,user174,user174
175,user175@gmail.com,user175,user175
176,user176@gmail.com,user176,user176
177,user177@gmail.com,user177,user177
178,user178@gmail.com,user178,user178
179,user179@gmail.com,user179,user179
180,user180@gmail.com,user180,user180
181,user181@gmail.com,user181,user181
182,user182@gmail.com,user182,user182
183,user183@gmail.com,user183,user183
184,user184@gmail.com,user184,user184
185,user185@gmail.com,user185,user185
186,user186@gmail.com,user186,user186
187,user187@gmail.com,user187,user187
188,user188@gmail.com,user188,user188
189,user189@gmail.com,user189,user189
190,user190@gmail.com,user190,user190
191,user191@gmail.com,user191,user191
192,user192@gmail.com,user192,user192
193,user193@gmail.com,user193,user193
194,user194@gmail.com,user194,user194
195,user195@gmail.com,user195,user195
196,user196@gmail.com,user196,user196
197,user197@gmail.com,user197,user197
198,user198@gmail.com,user198,user198
199,user199@gmail.com,user199,user199
200,user200@gmail.com,user200,user200
